tile_id,image_path,status
cw_s200_x253783.721_y3363902.517,/mnt/d/aiproject/imagematch/new3output/nadir_009010_caiwangcun_domdsm_fullreplace_gate_2026-04-20/candidate_library/tiles_native/cw_s200_x253783.721_y3363902.517.png,ok
cw_s200_x253783.721_y3364052.517,/mnt/d/aiproject/imagematch/new3output/nadir_009010_caiwangcun_domdsm_fullreplace_gate_2026-04-20/candidate_library/tiles_native/cw_s200_x253783.721_y3364052.517.png,ok
cw_s200_x253783.721_y3364202.517,/mnt/d/aiproject/imagematch/new3output/nadir_009010_caiwangcun_domdsm_fullreplace_gate_2026-04-20/candidate_library/tiles_native/cw_s200_x253783.721_y3364202.517.png,ok
cw_s200_x253783.721_y3364352.517,/mnt/d/aiproject/imagematch/new3output/nadir_009010_caiwangcun_domdsm_fullreplace_gate_2026-04-20/candidate_library/tiles_native/cw_s200_x253783.721_y3364352.517.png,ok
cw_s200_x253783.721_y3364502.517,/mnt/d/aiproject/imagematch/new3output/nadir_009010_caiwangcun_domdsm_fullreplace_gate_2026-04-20/candidate_library/tiles_native/cw_s200_x253783.721_y3364502.517.png,ok
cw_s200_x253783.721_y3364652.517,/mnt/d/aiproject/imagematch/new3output/nadir_009010_caiwangcun_domdsm_fullreplace_gate_2026-04-20/candidate_library/tiles_native/cw_s200_x253783.721_y3364652.517.png,ok
cw_s200_x253783.721_y3364802.517,/mnt/d/aiproject/imagematch/new3output/nadir_009010_caiwangcun_domdsm_fullreplace_gate_2026-04-20/candidate_library/tiles_native/cw_s200_x253783.721_y3364802.517.png,ok
cw_s200_x253783.721_y3364952.517,/mnt/d/aiproject/imagematch/new3output/nadir_009010_caiwangcun_domdsm_fullreplace_gate_2026-04-20/candidate_library/tiles_native/cw_s200_x253783.721_y3364952.517.png,ok
cw_s200_x253783.721_y3365102.517,/mnt/d/aiproject/imagematch/new3output/nadir_009010_caiwangcun_domdsm_fullreplace_gate_2026-04-20/candidate_library/tiles_native/cw_s200_x253783.721_y3365102.517.png,ok
cw_s200_x253783.721_y3365252.517,/mnt/d/aiproject/imagematch/new3output/nadir_009010_caiwangcun_domdsm_fullreplace_gate_2026-04-20/candidate_library/tiles_native/cw_s200_x253783.721_y3365252.517.png,ok
cw_s200_x253933.721_y3363902.517,/mnt/d/aiproject/imagematch/new3output/nadir_009010_caiwangcun_domdsm_fullreplace_gate_2026-04-20/candidate_library/tiles_native/cw_s200_x253933.721_y3363902.517.png,ok
cw_s200_x253933.721_y3364052.517,/mnt/d/aiproject/imagematch/new3output/nadir_009010_caiwangcun_domdsm_fullreplace_gate_2026-04-20/candidate_library/tiles_native/cw_s200_x253933.721_y3364052.517.png,ok
cw_s200_x253933.721_y3364202.517,/mnt/d/aiproject/imagematch/new3output/nadir_009010_caiwangcun_domdsm_fullreplace_gate_2026-04-20/candidate_library/tiles_native/cw_s200_x253933.721_y3364202.517.png,ok
cw_s200_x253933.721_y3364352.517,/mnt/d/aiproject/imagematch/new3output/nadir_009010_caiwangcun_domdsm_fullreplace_gate_2026-04-20/candidate_library/tiles_native/cw_s200_x253933.721_y3364352.517.png,ok
cw_s200_x253933.721_y3364502.517,/mnt/d/aiproject/imagematch/new3output/nadir_009010_caiwangcun_domdsm_fullreplace_gate_2026-04-20/candidate_library/tiles_native/cw_s200_x253933.721_y3364502.517.png,ok
cw_s200_x253933.721_y3364652.517,/mnt/d/aiproject/imagematch/new3output/nadir_009010_caiwangcun_domdsm_fullreplace_gate_2026-04-20/candidate_library/tiles_native/cw_s200_x253933.721_y3364652.517.png,ok
cw_s200_x253933.721_y3364802.517,/mnt/d/aiproject/imagematch/new3output/nadir_009010_caiwangcun_domdsm_fullreplace_gate_2026-04-20/candidate_library/tiles_native/cw_s200_x253933.721_y3364802.517.png,ok
cw_s200_x253933.721_y3364952.517,/mnt/d/aiproject/imagematch/new3output/nadir_009010_caiwangcun_domdsm_fullreplace_gate_2026-04-20/candidate_library/tiles_native/cw_s200_x253933.721_y3364952.517.png,ok
cw_s200_x253933.721_y3365102.517,/mnt/d/aiproject/imagematch/new3output/nadir_009010_caiwangcun_domdsm_fullreplace_gate_2026-04-20/candidate_library/tiles_native/cw_s200_x253933.721_y3365102.517.png,ok
cw_s200_x253933.721_y3365252.517,/mnt/d/aiproject/imagematch/new3output/nadir_009010_caiwangcun_domdsm_fullreplace_gate_2026-04-20/candidate_library/tiles_native/cw_s200_x253933.721_y3365252.517.png,ok
cw_s200_x254083.721_y3363902.517,/mnt/d/aiproject/imagematch/new3output/nadir_009010_caiwangcun_domdsm_fullreplace_gate_2026-04-20/candidate_library/tiles_native/cw_s200_x254083.721_y3363902.517.png,ok
cw_s200_x254083.721_y3364052.517,/mnt/d/aiproject/imagematch/new3output/nadir_009010_caiwangcun_domdsm_fullreplace_gate_2026-04-20/candidate_library/tiles_native/cw_s200_x254083.721_y3364052.517.png,ok
cw_s200_x254083.721_y3364202.517,/mnt/d/aiproject/imagematch/new3output/nadir_009010_caiwangcun_domdsm_fullreplace_gate_2026-04-20/candidate_library/tiles_native/cw_s200_x254083.721_y3364202.517.png,ok
cw_s200_x254083.721_y3364352.517,/mnt/d/aiproject/imagematch/new3output/nadir_009010_caiwangcun_domdsm_fullreplace_gate_2026-04-20/candidate_library/tiles_native/cw_s200_x254083.721_y3364352.517.png,ok
cw_s200_x254083.721_y3364502.517,/mnt/d/aiproject/imagematch/new3output/nadir_009010_caiwangcun_domdsm_fullreplace_gate_2026-04-20/candidate_library/tiles_native/cw_s200_x254083.721_y3364502.517.png,ok
cw_s200_x254083.721_y3364652.517,/mnt/d/aiproject/imagematch/new3output/nadir_009010_caiwangcun_domdsm_fullreplace_gate_2026-04-20/candidate_library/tiles_native/cw_s200_x254083.721_y3364652.517.png,ok
cw_s200_x254083.721_y3364802.517,/mnt/d/aiproject/imagematch/new3output/nadir_009010_caiwangcun_domdsm_fullreplace_gate_2026-04-20/candidate_library/tiles_native/cw_s200_x254083.721_y3364802.517.png,ok
cw_s200_x254083.721_y3364952.517,/mnt/d/aiproject/imagematch/new3output/nadir_009010_caiwangcun_domdsm_fullreplace_gate_2026-04-20/candidate_library/tiles_native/cw_s200_x254083.721_y3364952.517.png,ok
cw_s200_x254083.721_y3365102.517,/mnt/d/aiproject/imagematch/new3output/nadir_009010_caiwangcun_domdsm_fullreplace_gate_2026-04-20/candidate_library/tiles_native/cw_s200_x254083.721_y3365102.517.png,ok
cw_s200_x254083.721_y3365252.517,/mnt/d/aiproject/imagematch/new3output/nadir_009010_caiwangcun_domdsm_fullreplace_gate_2026-04-20/candidate_library/tiles_native/cw_s200_x254083.721_y3365252.517.png,ok
cw_s200_x254233.721_y3363902.517,/mnt/d/aiproject/imagematch/new3output/nadir_009010_caiwangcun_domdsm_fullreplace_gate_2026-04-20/candidate_library/tiles_native/cw_s200_x254233.721_y3363902.517.png,ok
cw_s200_x254233.721_y3364052.517,/mnt/d/aiproject/imagematch/new3output/nadir_009010_caiwangcun_domdsm_fullreplace_gate_2026-04-20/candidate_library/tiles_native/cw_s200_x254233.721_y3364052.517.png,ok
cw_s200_x254233.721_y3364202.517,/mnt/d/aiproject/imagematch/new3output/nadir_009010_caiwangcun_domdsm_fullreplace_gate_2026-04-20/candidate_library/tiles_native/cw_s200_x254233.721_y3364202.517.png,ok
cw_s200_x254233.721_y3364352.517,/mnt/d/aiproject/imagematch/new3output/nadir_009010_caiwangcun_domdsm_fullreplace_gate_2026-04-20/candidate_library/tiles_native/cw_s200_x254233.721_y3364352.517.png,ok
cw_s200_x254233.721_y3364502.517,/mnt/d/aiproject/imagematch/new3output/nadir_009010_caiwangcun_domdsm_fullreplace_gate_2026-04-20/candidate_library/tiles_native/cw_s200_x254233.721_y3364502.517.png,ok
cw_s200_x254233.721_y3364652.517,/mnt/d/aiproject/imagematch/new3output/nadir_009010_caiwangcun_domdsm_fullreplace_gate_2026-04-20/candidate_library/tiles_native/cw_s200_x254233.721_y3364652.517.png,ok
cw_s200_x254233.721_y3364802.517,/mnt/d/aiproject/imagematch/new3output/nadir_009010_caiwangcun_domdsm_fullreplace_gate_2026-04-20/candidate_library/tiles_native/cw_s200_x254233.721_y3364802.517.png,ok
cw_s200_x254233.721_y3364952.517,/mnt/d/aiproject/imagematch/new3output/nadir_009010_caiwangcun_domdsm_fullreplace_gate_2026-04-20/candidate_library/tiles_native/cw_s200_x254233.721_y3364952.517.png,ok
cw_s200_x254233.721_y3365102.517,/mnt/d/aiproject/imagematch/new3output/nadir_009010_caiwangcun_domdsm_fullreplace_gate_2026-04-20/candidate_library/tiles_native/cw_s200_x254233.721_y3365102.517.png,ok
cw_s200_x254233.721_y3365252.517,/mnt/d/aiproject/imagematch/new3output/nadir_009010_caiwangcun_domdsm_fullreplace_gate_2026-04-20/candidate_library/tiles_native/cw_s200_x254233.721_y3365252.517.png,ok
cw_s200_x254383.721_y3363902.517,/mnt/d/aiproject/imagematch/new3output/nadir_009010_caiwangcun_domdsm_fullreplace_gate_2026-04-20/candidate_library/tiles_native/cw_s200_x254383.721_y3363902.517.png,ok
cw_s200_x254383.721_y3364052.517,/mnt/d/aiproject/imagematch/new3output/nadir_009010_caiwangcun_domdsm_fullreplace_gate_2026-04-20/candidate_library/tiles_native/cw_s200_x254383.721_y3364052.517.png,ok
cw_s200_x254383.721_y3364202.517,/mnt/d/aiproject/imagematch/new3output/nadir_009010_caiwangcun_domdsm_fullreplace_gate_2026-04-20/candidate_library/tiles_native/cw_s200_x254383.721_y3364202.517.png,ok
cw_s200_x254383.721_y3364352.517,/mnt/d/aiproject/imagematch/new3output/nadir_009010_caiwangcun_domdsm_fullreplace_gate_2026-04-20/candidate_library/tiles_native/cw_s200_x254383.721_y3364352.517.png,ok
cw_s200_x254383.721_y3364502.517,/mnt/d/aiproject/imagematch/new3output/nadir_009010_caiwangcun_domdsm_fullreplace_gate_2026-04-20/candidate_library/tiles_native/cw_s200_x254383.721_y3364502.517.png,ok
cw_s200_x254383.721_y3364652.517,/mnt/d/aiproject/imagematch/new3output/nadir_009010_caiwangcun_domdsm_fullreplace_gate_2026-04-20/candidate_library/tiles_native/cw_s200_x254383.721_y3364652.517.png,ok
cw_s200_x254383.721_y3364802.517,/mnt/d/aiproject/imagematch/new3output/nadir_009010_caiwangcun_domdsm_fullreplace_gate_2026-04-20/candidate_library/tiles_native/cw_s200_x254383.721_y3364802.517.png,ok
cw_s200_x254383.721_y3364952.517,/mnt/d/aiproject/imagematch/new3output/nadir_009010_caiwangcun_domdsm_fullreplace_gate_2026-04-20/candidate_library/tiles_native/cw_s200_x254383.721_y3364952.517.png,ok
cw_s200_x254383.721_y3365102.517,/mnt/d/aiproject/imagematch/new3output/nadir_009010_caiwangcun_domdsm_fullreplace_gate_2026-04-20/candidate_library/tiles_native/cw_s200_x254383.721_y3365102.517.png,ok
cw_s200_x254383.721_y3365252.517,/mnt/d/aiproject/imagematch/new3output/nadir_009010_caiwangcun_domdsm_fullreplace_gate_2026-04-20/candidate_library/tiles_native/cw_s200_x254383.721_y3365252.517.png,ok
cw_s200_x254533.721_y3363902.517,/mnt/d/aiproject/imagematch/new3output/nadir_009010_caiwangcun_domdsm_fullreplace_gate_2026-04-20/candidate_library/tiles_native/cw_s200_x254533.721_y3363902.517.png,ok
cw_s200_x254533.721_y3364052.517,/mnt/d/aiproject/imagematch/new3output/nadir_009010_caiwangcun_domdsm_fullreplace_gate_2026-04-20/candidate_library/tiles_native/cw_s200_x254533.721_y3364052.517.png,ok
cw_s200_x254533.721_y3364202.517,/mnt/d/aiproject/imagematch/new3output/nadir_009010_caiwangcun_domdsm_fullreplace_gate_2026-04-20/candidate_library/tiles_native/cw_s200_x254533.721_y3364202.517.png,ok
cw_s200_x254533.721_y3364352.517,/mnt/d/aiproject/imagematch/new3output/nadir_009010_caiwangcun_domdsm_fullreplace_gate_2026-04-20/candidate_library/tiles_native/cw_s200_x254533.721_y3364352.517.png,ok
cw_s200_x254533.721_y3364502.517,/mnt/d/aiproject/imagematch/new3output/nadir_009010_caiwangcun_domdsm_fullreplace_gate_2026-04-20/candidate_library/tiles_native/cw_s200_x254533.721_y3364502.517.png,ok
cw_s200_x254533.721_y3364652.517,/mnt/d/aiproject/imagematch/new3output/nadir_009010_caiwangcun_domdsm_fullreplace_gate_2026-04-20/candidate_library/tiles_native/cw_s200_x254533.721_y3364652.517.png,ok
cw_s200_x254533.721_y3364802.517,/mnt/d/aiproject/imagematch/new3output/nadir_009010_caiwangcun_domdsm_fullreplace_gate_2026-04-20/candidate_library/tiles_native/cw_s200_x254533.721_y3364802.517.png,ok
cw_s200_x254533.721_y3364952.517,/mnt/d/aiproject/imagematch/new3output/nadir_009010_caiwangcun_domdsm_fullreplace_gate_2026-04-20/candidate_library/tiles_native/cw_s200_x254533.721_y3364952.517.png,ok
cw_s200_x254533.721_y3365102.517,/mnt/d/aiproject/imagematch/new3output/nadir_009010_caiwangcun_domdsm_fullreplace_gate_2026-04-20/candidate_library/tiles_native/cw_s200_x254533.721_y3365102.517.png,ok
cw_s200_x254533.721_y3365252.517,/mnt/d/aiproject/imagematch/new3output/nadir_009010_caiwangcun_domdsm_fullreplace_gate_2026-04-20/candidate_library/tiles_native/cw_s200_x254533.721_y3365252.517.png,ok
cw_s200_x254683.721_y3363902.517,/mnt/d/aiproject/imagematch/new3output/nadir_009010_caiwangcun_domdsm_fullreplace_gate_2026-04-20/candidate_library/tiles_native/cw_s200_x254683.721_y3363902.517.png,ok
cw_s200_x254683.721_y3364052.517,/mnt/d/aiproject/imagematch/new3output/nadir_009010_caiwangcun_domdsm_fullreplace_gate_2026-04-20/candidate_library/tiles_native/cw_s200_x254683.721_y3364052.517.png,ok
cw_s200_x254683.721_y3364202.517,/mnt/d/aiproject/imagematch/new3output/nadir_009010_caiwangcun_domdsm_fullreplace_gate_2026-04-20/candidate_library/tiles_native/cw_s200_x254683.721_y3364202.517.png,ok
cw_s200_x254683.721_y3364352.517,/mnt/d/aiproject/imagematch/new3output/nadir_009010_caiwangcun_domdsm_fullreplace_gate_2026-04-20/candidate_library/tiles_native/cw_s200_x254683.721_y3364352.517.png,ok
cw_s200_x254683.721_y3364502.517,/mnt/d/aiproject/imagematch/new3output/nadir_009010_caiwangcun_domdsm_fullreplace_gate_2026-04-20/candidate_library/tiles_native/cw_s200_x254683.721_y3364502.517.png,ok
cw_s200_x254683.721_y3364652.517,/mnt/d/aiproject/imagematch/new3output/nadir_009010_caiwangcun_domdsm_fullreplace_gate_2026-04-20/candidate_library/tiles_native/cw_s200_x254683.721_y3364652.517.png,ok
cw_s200_x254683.721_y3364802.517,/mnt/d/aiproject/imagematch/new3output/nadir_009010_caiwangcun_domdsm_fullreplace_gate_2026-04-20/candidate_library/tiles_native/cw_s200_x254683.721_y3364802.517.png,ok
cw_s200_x254683.721_y3364952.517,/mnt/d/aiproject/imagematch/new3output/nadir_009010_caiwangcun_domdsm_fullreplace_gate_2026-04-20/candidate_library/tiles_native/cw_s200_x254683.721_y3364952.517.png,ok
cw_s200_x254683.721_y3365102.517,/mnt/d/aiproject/imagematch/new3output/nadir_009010_caiwangcun_domdsm_fullreplace_gate_2026-04-20/candidate_library/tiles_native/cw_s200_x254683.721_y3365102.517.png,ok
cw_s200_x254683.721_y3365252.517,/mnt/d/aiproject/imagematch/new3output/nadir_009010_caiwangcun_domdsm_fullreplace_gate_2026-04-20/candidate_library/tiles_native/cw_s200_x254683.721_y3365252.517.png,ok
cw_s200_x254833.721_y3363902.517,/mnt/d/aiproject/imagematch/new3output/nadir_009010_caiwangcun_domdsm_fullreplace_gate_2026-04-20/candidate_library/tiles_native/cw_s200_x254833.721_y3363902.517.png,ok
cw_s200_x254833.721_y3364052.517,/mnt/d/aiproject/imagematch/new3output/nadir_009010_caiwangcun_domdsm_fullreplace_gate_2026-04-20/candidate_library/tiles_native/cw_s200_x254833.721_y3364052.517.png,ok
cw_s200_x254833.721_y3364202.517,/mnt/d/aiproject/imagematch/new3output/nadir_009010_caiwangcun_domdsm_fullreplace_gate_2026-04-20/candidate_library/tiles_native/cw_s200_x254833.721_y3364202.517.png,ok
cw_s200_x254833.721_y3364352.517,/mnt/d/aiproject/imagematch/new3output/nadir_009010_caiwangcun_domdsm_fullreplace_gate_2026-04-20/candidate_library/tiles_native/cw_s200_x254833.721_y3364352.517.png,ok
cw_s200_x254833.721_y3364502.517,/mnt/d/aiproject/imagematch/new3output/nadir_009010_caiwangcun_domdsm_fullreplace_gate_2026-04-20/candidate_library/tiles_native/cw_s200_x254833.721_y3364502.517.png,ok
cw_s200_x254833.721_y3364652.517,/mnt/d/aiproject/imagematch/new3output/nadir_009010_caiwangcun_domdsm_fullreplace_gate_2026-04-20/candidate_library/tiles_native/cw_s200_x254833.721_y3364652.517.png,ok
cw_s200_x254833.721_y3364802.517,/mnt/d/aiproject/imagematch/new3output/nadir_009010_caiwangcun_domdsm_fullreplace_gate_2026-04-20/candidate_library/tiles_native/cw_s200_x254833.721_y3364802.517.png,ok
cw_s200_x254833.721_y3364952.517,/mnt/d/aiproject/imagematch/new3output/nadir_009010_caiwangcun_domdsm_fullreplace_gate_2026-04-20/candidate_library/tiles_native/cw_s200_x254833.721_y3364952.517.png,ok
cw_s200_x254833.721_y3365102.517,/mnt/d/aiproject/imagematch/new3output/nadir_009010_caiwangcun_domdsm_fullreplace_gate_2026-04-20/candidate_library/tiles_native/cw_s200_x254833.721_y3365102.517.png,ok
cw_s200_x254833.721_y3365252.517,/mnt/d/aiproject/imagematch/new3output/nadir_009010_caiwangcun_domdsm_fullreplace_gate_2026-04-20/candidate_library/tiles_native/cw_s200_x254833.721_y3365252.517.png,ok
cw_s200_x254983.721_y3363902.517,/mnt/d/aiproject/imagematch/new3output/nadir_009010_caiwangcun_domdsm_fullreplace_gate_2026-04-20/candidate_library/tiles_native/cw_s200_x254983.721_y3363902.517.png,ok
cw_s200_x254983.721_y3364052.517,/mnt/d/aiproject/imagematch/new3output/nadir_009010_caiwangcun_domdsm_fullreplace_gate_2026-04-20/candidate_library/tiles_native/cw_s200_x254983.721_y3364052.517.png,ok
cw_s200_x254983.721_y3364202.517,/mnt/d/aiproject/imagematch/new3output/nadir_009010_caiwangcun_domdsm_fullreplace_gate_2026-04-20/candidate_library/tiles_native/cw_s200_x254983.721_y3364202.517.png,ok
cw_s200_x254983.721_y3364352.517,/mnt/d/aiproject/imagematch/new3output/nadir_009010_caiwangcun_domdsm_fullreplace_gate_2026-04-20/candidate_library/tiles_native/cw_s200_x254983.721_y3364352.517.png,ok
cw_s200_x254983.721_y3364502.517,/mnt/d/aiproject/imagematch/new3output/nadir_009010_caiwangcun_domdsm_fullreplace_gate_2026-04-20/candidate_library/tiles_native/cw_s200_x254983.721_y3364502.517.png,ok
cw_s200_x254983.721_y3364652.517,/mnt/d/aiproject/imagematch/new3output/nadir_009010_caiwangcun_domdsm_fullreplace_gate_2026-04-20/candidate_library/tiles_native/cw_s200_x254983.721_y3364652.517.png,ok
cw_s200_x254983.721_y3364802.517,/mnt/d/aiproject/imagematch/new3output/nadir_009010_caiwangcun_domdsm_fullreplace_gate_2026-04-20/candidate_library/tiles_native/cw_s200_x254983.721_y3364802.517.png,ok
cw_s200_x254983.721_y3364952.517,/mnt/d/aiproject/imagematch/new3output/nadir_009010_caiwangcun_domdsm_fullreplace_gate_2026-04-20/candidate_library/tiles_native/cw_s200_x254983.721_y3364952.517.png,ok
cw_s200_x254983.721_y3365102.517,/mnt/d/aiproject/imagematch/new3output/nadir_009010_caiwangcun_domdsm_fullreplace_gate_2026-04-20/candidate_library/tiles_native/cw_s200_x254983.721_y3365102.517.png,ok
cw_s200_x254983.721_y3365252.517,/mnt/d/aiproject/imagematch/new3output/nadir_009010_caiwangcun_domdsm_fullreplace_gate_2026-04-20/candidate_library/tiles_native/cw_s200_x254983.721_y3365252.517.png,ok
cw_s200_x255133.721_y3363902.517,/mnt/d/aiproject/imagematch/new3output/nadir_009010_caiwangcun_domdsm_fullreplace_gate_2026-04-20/candidate_library/tiles_native/cw_s200_x255133.721_y3363902.517.png,ok
cw_s200_x255133.721_y3364052.517,/mnt/d/aiproject/imagematch/new3output/nadir_009010_caiwangcun_domdsm_fullreplace_gate_2026-04-20/candidate_library/tiles_native/cw_s200_x255133.721_y3364052.517.png,ok
cw_s200_x255133.721_y3364202.517,/mnt/d/aiproject/imagematch/new3output/nadir_009010_caiwangcun_domdsm_fullreplace_gate_2026-04-20/candidate_library/tiles_native/cw_s200_x255133.721_y3364202.517.png,ok
cw_s200_x255133.721_y3364352.517,/mnt/d/aiproject/imagematch/new3output/nadir_009010_caiwangcun_domdsm_fullreplace_gate_2026-04-20/candidate_library/tiles_native/cw_s200_x255133.721_y3364352.517.png,ok
cw_s200_x255133.721_y3364502.517,/mnt/d/aiproject/imagematch/new3output/nadir_009010_caiwangcun_domdsm_fullreplace_gate_2026-04-20/candidate_library/tiles_native/cw_s200_x255133.721_y3364502.517.png,ok
cw_s200_x255133.721_y3364652.517,/mnt/d/aiproject/imagematch/new3output/nadir_009010_caiwangcun_domdsm_fullreplace_gate_2026-04-20/candidate_library/tiles_native/cw_s200_x255133.721_y3364652.517.png,ok
cw_s200_x255133.721_y3364802.517,/mnt/d/aiproject/imagematch/new3output/nadir_009010_caiwangcun_domdsm_fullreplace_gate_2026-04-20/candidate_library/tiles_native/cw_s200_x255133.721_y3364802.517.png,ok
cw_s200_x255133.721_y3364952.517,/mnt/d/aiproject/imagematch/new3output/nadir_009010_caiwangcun_domdsm_fullreplace_gate_2026-04-20/candidate_library/tiles_native/cw_s200_x255133.721_y3364952.517.png,ok
cw_s200_x255133.721_y3365102.517,/mnt/d/aiproject/imagematch/new3output/nadir_009010_caiwangcun_domdsm_fullreplace_gate_2026-04-20/candidate_library/tiles_native/cw_s200_x255133.721_y3365102.517.png,ok
cw_s200_x255133.721_y3365252.517,/mnt/d/aiproject/imagematch/new3output/nadir_009010_caiwangcun_domdsm_fullreplace_gate_2026-04-20/candidate_library/tiles_native/cw_s200_x255133.721_y3365252.517.png,ok
cw_s300_x253983.721_y3364102.517,/mnt/d/aiproject/imagematch/new3output/nadir_009010_caiwangcun_domdsm_fullreplace_gate_2026-04-20/candidate_library/tiles_native/cw_s300_x253983.721_y3364102.517.png,ok
cw_s300_x253983.721_y3364327.517,/mnt/d/aiproject/imagematch/new3output/nadir_009010_caiwangcun_domdsm_fullreplace_gate_2026-04-20/candidate_library/tiles_native/cw_s300_x253983.721_y3364327.517.png,ok
cw_s300_x253983.721_y3364552.517,/mnt/d/aiproject/imagematch/new3output/nadir_009010_caiwangcun_domdsm_fullreplace_gate_2026-04-20/candidate_library/tiles_native/cw_s300_x253983.721_y3364552.517.png,ok
cw_s300_x253983.721_y3364777.517,/mnt/d/aiproject/imagematch/new3output/nadir_009010_caiwangcun_domdsm_fullreplace_gate_2026-04-20/candidate_library/tiles_native/cw_s300_x253983.721_y3364777.517.png,ok
cw_s300_x253983.721_y3365002.517,/mnt/d/aiproject/imagematch/new3output/nadir_009010_caiwangcun_domdsm_fullreplace_gate_2026-04-20/candidate_library/tiles_native/cw_s300_x253983.721_y3365002.517.png,ok
cw_s300_x253983.721_y3365227.517,/mnt/d/aiproject/imagematch/new3output/nadir_009010_caiwangcun_domdsm_fullreplace_gate_2026-04-20/candidate_library/tiles_native/cw_s300_x253983.721_y3365227.517.png,ok
cw_s300_x254208.721_y3364102.517,/mnt/d/aiproject/imagematch/new3output/nadir_009010_caiwangcun_domdsm_fullreplace_gate_2026-04-20/candidate_library/tiles_native/cw_s300_x254208.721_y3364102.517.png,ok
cw_s300_x254208.721_y3364327.517,/mnt/d/aiproject/imagematch/new3output/nadir_009010_caiwangcun_domdsm_fullreplace_gate_2026-04-20/candidate_library/tiles_native/cw_s300_x254208.721_y3364327.517.png,ok
cw_s300_x254208.721_y3364552.517,/mnt/d/aiproject/imagematch/new3output/nadir_009010_caiwangcun_domdsm_fullreplace_gate_2026-04-20/candidate_library/tiles_native/cw_s300_x254208.721_y3364552.517.png,ok
cw_s300_x254208.721_y3364777.517,/mnt/d/aiproject/imagematch/new3output/nadir_009010_caiwangcun_domdsm_fullreplace_gate_2026-04-20/candidate_library/tiles_native/cw_s300_x254208.721_y3364777.517.png,ok
cw_s300_x254208.721_y3365002.517,/mnt/d/aiproject/imagematch/new3output/nadir_009010_caiwangcun_domdsm_fullreplace_gate_2026-04-20/candidate_library/tiles_native/cw_s300_x254208.721_y3365002.517.png,ok
cw_s300_x254208.721_y3365227.517,/mnt/d/aiproject/imagematch/new3output/nadir_009010_caiwangcun_domdsm_fullreplace_gate_2026-04-20/candidate_library/tiles_native/cw_s300_x254208.721_y3365227.517.png,ok
cw_s300_x254433.721_y3364102.517,/mnt/d/aiproject/imagematch/new3output/nadir_009010_caiwangcun_domdsm_fullreplace_gate_2026-04-20/candidate_library/tiles_native/cw_s300_x254433.721_y3364102.517.png,ok
cw_s300_x254433.721_y3364327.517,/mnt/d/aiproject/imagematch/new3output/nadir_009010_caiwangcun_domdsm_fullreplace_gate_2026-04-20/candidate_library/tiles_native/cw_s300_x254433.721_y3364327.517.png,ok
cw_s300_x254433.721_y3364552.517,/mnt/d/aiproject/imagematch/new3output/nadir_009010_caiwangcun_domdsm_fullreplace_gate_2026-04-20/candidate_library/tiles_native/cw_s300_x254433.721_y3364552.517.png,ok
cw_s300_x254433.721_y3364777.517,/mnt/d/aiproject/imagematch/new3output/nadir_009010_caiwangcun_domdsm_fullreplace_gate_2026-04-20/candidate_library/tiles_native/cw_s300_x254433.721_y3364777.517.png,ok
cw_s300_x254433.721_y3365002.517,/mnt/d/aiproject/imagematch/new3output/nadir_009010_caiwangcun_domdsm_fullreplace_gate_2026-04-20/candidate_library/tiles_native/cw_s300_x254433.721_y3365002.517.png,ok
cw_s300_x254433.721_y3365227.517,/mnt/d/aiproject/imagematch/new3output/nadir_009010_caiwangcun_domdsm_fullreplace_gate_2026-04-20/candidate_library/tiles_native/cw_s300_x254433.721_y3365227.517.png,ok
cw_s300_x254658.721_y3364102.517,/mnt/d/aiproject/imagematch/new3output/nadir_009010_caiwangcun_domdsm_fullreplace_gate_2026-04-20/candidate_library/tiles_native/cw_s300_x254658.721_y3364102.517.png,ok
cw_s300_x254658.721_y3364327.517,/mnt/d/aiproject/imagematch/new3output/nadir_009010_caiwangcun_domdsm_fullreplace_gate_2026-04-20/candidate_library/tiles_native/cw_s300_x254658.721_y3364327.517.png,ok
cw_s300_x254658.721_y3364552.517,/mnt/d/aiproject/imagematch/new3output/nadir_009010_caiwangcun_domdsm_fullreplace_gate_2026-04-20/candidate_library/tiles_native/cw_s300_x254658.721_y3364552.517.png,ok
cw_s300_x254658.721_y3364777.517,/mnt/d/aiproject/imagematch/new3output/nadir_009010_caiwangcun_domdsm_fullreplace_gate_2026-04-20/candidate_library/tiles_native/cw_s300_x254658.721_y3364777.517.png,ok
cw_s300_x254658.721_y3365002.517,/mnt/d/aiproject/imagematch/new3output/nadir_009010_caiwangcun_domdsm_fullreplace_gate_2026-04-20/candidate_library/tiles_native/cw_s300_x254658.721_y3365002.517.png,ok
cw_s300_x254658.721_y3365227.517,/mnt/d/aiproject/imagematch/new3output/nadir_009010_caiwangcun_domdsm_fullreplace_gate_2026-04-20/candidate_library/tiles_native/cw_s300_x254658.721_y3365227.517.png,ok
cw_s300_x254883.721_y3364102.517,/mnt/d/aiproject/imagematch/new3output/nadir_009010_caiwangcun_domdsm_fullreplace_gate_2026-04-20/candidate_library/tiles_native/cw_s300_x254883.721_y3364102.517.png,ok
cw_s300_x254883.721_y3364327.517,/mnt/d/aiproject/imagematch/new3output/nadir_009010_caiwangcun_domdsm_fullreplace_gate_2026-04-20/candidate_library/tiles_native/cw_s300_x254883.721_y3364327.517.png,ok
cw_s300_x254883.721_y3364552.517,/mnt/d/aiproject/imagematch/new3output/nadir_009010_caiwangcun_domdsm_fullreplace_gate_2026-04-20/candidate_library/tiles_native/cw_s300_x254883.721_y3364552.517.png,ok
cw_s300_x254883.721_y3364777.517,/mnt/d/aiproject/imagematch/new3output/nadir_009010_caiwangcun_domdsm_fullreplace_gate_2026-04-20/candidate_library/tiles_native/cw_s300_x254883.721_y3364777.517.png,ok
cw_s300_x254883.721_y3365002.517,/mnt/d/aiproject/imagematch/new3output/nadir_009010_caiwangcun_domdsm_fullreplace_gate_2026-04-20/candidate_library/tiles_native/cw_s300_x254883.721_y3365002.517.png,ok
cw_s300_x254883.721_y3365227.517,/mnt/d/aiproject/imagematch/new3output/nadir_009010_caiwangcun_domdsm_fullreplace_gate_2026-04-20/candidate_library/tiles_native/cw_s300_x254883.721_y3365227.517.png,ok
cw_s300_x255108.721_y3364102.517,/mnt/d/aiproject/imagematch/new3output/nadir_009010_caiwangcun_domdsm_fullreplace_gate_2026-04-20/candidate_library/tiles_native/cw_s300_x255108.721_y3364102.517.png,ok
cw_s300_x255108.721_y3364327.517,/mnt/d/aiproject/imagematch/new3output/nadir_009010_caiwangcun_domdsm_fullreplace_gate_2026-04-20/candidate_library/tiles_native/cw_s300_x255108.721_y3364327.517.png,ok
cw_s300_x255108.721_y3364552.517,/mnt/d/aiproject/imagematch/new3output/nadir_009010_caiwangcun_domdsm_fullreplace_gate_2026-04-20/candidate_library/tiles_native/cw_s300_x255108.721_y3364552.517.png,ok
cw_s300_x255108.721_y3364777.517,/mnt/d/aiproject/imagematch/new3output/nadir_009010_caiwangcun_domdsm_fullreplace_gate_2026-04-20/candidate_library/tiles_native/cw_s300_x255108.721_y3364777.517.png,ok
cw_s300_x255108.721_y3365002.517,/mnt/d/aiproject/imagematch/new3output/nadir_009010_caiwangcun_domdsm_fullreplace_gate_2026-04-20/candidate_library/tiles_native/cw_s300_x255108.721_y3365002.517.png,ok
cw_s300_x255108.721_y3365227.517,/mnt/d/aiproject/imagematch/new3output/nadir_009010_caiwangcun_domdsm_fullreplace_gate_2026-04-20/candidate_library/tiles_native/cw_s300_x255108.721_y3365227.517.png,ok
cw_s500_x254008.721_y3364127.517,/mnt/d/aiproject/imagematch/new3output/nadir_009010_caiwangcun_domdsm_fullreplace_gate_2026-04-20/candidate_library/tiles_native/cw_s500_x254008.721_y3364127.517.png,ok
cw_s500_x254008.721_y3364502.517,/mnt/d/aiproject/imagematch/new3output/nadir_009010_caiwangcun_domdsm_fullreplace_gate_2026-04-20/candidate_library/tiles_native/cw_s500_x254008.721_y3364502.517.png,ok
cw_s500_x254008.721_y3364877.517,/mnt/d/aiproject/imagematch/new3output/nadir_009010_caiwangcun_domdsm_fullreplace_gate_2026-04-20/candidate_library/tiles_native/cw_s500_x254008.721_y3364877.517.png,ok
cw_s500_x254383.721_y3364127.517,/mnt/d/aiproject/imagematch/new3output/nadir_009010_caiwangcun_domdsm_fullreplace_gate_2026-04-20/candidate_library/tiles_native/cw_s500_x254383.721_y3364127.517.png,ok
cw_s500_x254383.721_y3364502.517,/mnt/d/aiproject/imagematch/new3output/nadir_009010_caiwangcun_domdsm_fullreplace_gate_2026-04-20/candidate_library/tiles_native/cw_s500_x254383.721_y3364502.517.png,ok
cw_s500_x254383.721_y3364877.517,/mnt/d/aiproject/imagematch/new3output/nadir_009010_caiwangcun_domdsm_fullreplace_gate_2026-04-20/candidate_library/tiles_native/cw_s500_x254383.721_y3364877.517.png,ok
cw_s500_x254758.721_y3364127.517,/mnt/d/aiproject/imagematch/new3output/nadir_009010_caiwangcun_domdsm_fullreplace_gate_2026-04-20/candidate_library/tiles_native/cw_s500_x254758.721_y3364127.517.png,ok
cw_s500_x254758.721_y3364502.517,/mnt/d/aiproject/imagematch/new3output/nadir_009010_caiwangcun_domdsm_fullreplace_gate_2026-04-20/candidate_library/tiles_native/cw_s500_x254758.721_y3364502.517.png,ok
cw_s500_x254758.721_y3364877.517,/mnt/d/aiproject/imagematch/new3output/nadir_009010_caiwangcun_domdsm_fullreplace_gate_2026-04-20/candidate_library/tiles_native/cw_s500_x254758.721_y3364877.517.png,ok
cw_s700_x254258.721_y3364377.517,/mnt/d/aiproject/imagematch/new3output/nadir_009010_caiwangcun_domdsm_fullreplace_gate_2026-04-20/candidate_library/tiles_native/cw_s700_x254258.721_y3364377.517.png,ok
cw_s700_x254258.721_y3364902.517,/mnt/d/aiproject/imagematch/new3output/nadir_009010_caiwangcun_domdsm_fullreplace_gate_2026-04-20/candidate_library/tiles_native/cw_s700_x254258.721_y3364902.517.png,ok
cw_s700_x254783.721_y3364377.517,/mnt/d/aiproject/imagematch/new3output/nadir_009010_caiwangcun_domdsm_fullreplace_gate_2026-04-20/candidate_library/tiles_native/cw_s700_x254783.721_y3364377.517.png,ok
cw_s700_x254783.721_y3364902.517,/mnt/d/aiproject/imagematch/new3output/nadir_009010_caiwangcun_domdsm_fullreplace_gate_2026-04-20/candidate_library/tiles_native/cw_s700_x254783.721_y3364902.517.png,ok
